{
	"credit": "Made with Blockbench",
	"texture_size": [64, 64],
	"textures": {
		"0": "create_new_age:block/reactor/acceptor",
		"particle": "create_new_age:block/reactor/acceptor"
	},
	"elements": [
		{
			"from": [0, 0, 11],
			"to": [16, 16, 14],
			"rotation": {"angle": 0, "axis": "y", "origin": [8, 8, 8.25]},
			"faces": {
				"north": {"uv": [5.33333, 5.33333, 0, 0], "rotation": 90, "texture": "#0"},
				"east": {"uv": [0, 5.66667, 5.33333, 6.66667], "rotation": 90, "texture": "#0"},
				"south": {"uv": [5.33333, 0, 0, 5.33333], "rotation": 90, "texture": "#0"},
				"west": {"uv": [0, 5.66667, 5.33333, 6.66667], "rotation": 270, "texture": "#0"},
				"up": {"uv": [0, 5.66667, 5.33333, 6.66667], "texture": "#0"},
				"down": {"uv": [0, 5.66667, 5.33333, 6.66667], "rotation": 180, "texture": "#0"}
			}
		},
		{
			"from": [0, 0, 0],
			"to": [16, 16, 3],
			"rotation": {"angle": 0, "axis": "y", "origin": [8, 8, 8.25]},
			"faces": {
				"north": {"uv": [5.33333, 5.33333, 0, 0], "rotation": 90, "texture": "#0"},
				"east": {"uv": [0, 5.68333, 5.3, 6.63333], "rotation": 90, "texture": "#0"},
				"south": {"uv": [5.33333, 0, 0, 5.33333], "rotation": 90, "texture": "#0"},
				"west": {"uv": [0, 5.68333, 5.3, 6.63333], "rotation": 270, "texture": "#0"},
				"up": {"uv": [0, 5.68333, 5.3, 6.63333], "texture": "#0"},
				"down": {"uv": [0, 5.68333, 5.3, 6.63333], "rotation": 180, "texture": "#0"}
			}
		},
		{
			"from": [1, 1, 3],
			"to": [15, 15, 11],
			"rotation": {"angle": 0, "axis": "y", "origin": [8, 8, 8.25]},
			"faces": {
				"north": {"uv": [10.33333, 4.66667, 5.66667, 0], "rotation": 90, "texture": "#0"},
				"east": {"uv": [5.66667, 5, 10.33333, 7.66667], "rotation": 90, "texture": "#0"},
				"south": {"uv": [10.33333, 0, 5.66667, 4.66667], "rotation": 90, "texture": "#0"},
				"west": {"uv": [5.66667, 5, 10.33333, 7.66667], "rotation": 270, "texture": "#0"},
				"up": {"uv": [5.66667, 5, 10.33333, 7.66667], "texture": "#0"},
				"down": {"uv": [5.66667, 5, 10.33333, 7.66667], "rotation": 180, "texture": "#0"}
			}
		},
		{
			"from": [4, 4, -1],
			"to": [12, 12, 0],
			"rotation": {"angle": 0, "axis": "y", "origin": [8, 8, 8.25]},
			"faces": {
				"north": {"uv": [7, 11.33333, 4.325, 8.66667], "rotation": 90, "texture": "#0"},
				"east": {"uv": [4.33333, 11.68333, 7.03333, 12], "rotation": 90, "texture": "#0"},
				"south": {"uv": [7, 8.66667, 4.33333, 11.33333], "rotation": 90, "texture": "#0"},
				"west": {"uv": [4.35, 11.68333, 7.01667, 12], "rotation": 270, "texture": "#0"},
				"up": {"uv": [4.35, 11.68333, 7.01667, 12], "texture": "#0"},
				"down": {"uv": [4.35, 11.68333, 7.01667, 12], "rotation": 180, "texture": "#0"}
			}
		},
		{
			"from": [4, 4, 16],
			"to": [12, 12, 17],
			"rotation": {"angle": 0, "axis": "y", "origin": [8, 8, 8.25]},
			"faces": {
				"north": {"uv": [7, 11.33333, 4.325, 8.66667], "rotation": 90, "texture": "#0"},
				"east": {"uv": [4.33333, 11.68333, 7.03333, 12], "rotation": 90, "texture": "#0"},
				"south": {"uv": [7, 8.66667, 4.33333, 11.33333], "rotation": 90, "texture": "#0"},
				"west": {"uv": [4.35, 11.68333, 7.01667, 12], "rotation": 270, "texture": "#0"},
				"up": {"uv": [4.35, 11.68333, 7.01667, 12], "texture": "#0"},
				"down": {"uv": [4.35, 11.68333, 7.01667, 12], "rotation": 180, "texture": "#0"}
			}
		},
		{
			"from": [2, 2, 14],
			"to": [14, 14, 16],
			"rotation": {"angle": 0, "axis": "y", "origin": [8, 8, 8.25]},
			"faces": {
				"north": {"uv": [4, 11.01667, 0, 7.01667], "rotation": 90, "texture": "#0"},
				"east": {"uv": [0, 11.33333, 4, 12], "rotation": 90, "texture": "#0"},
				"south": {"uv": [4, 7.01667, 0, 11.01667], "rotation": 90, "texture": "#0"},
				"west": {"uv": [0, 11.33333, 4, 12], "rotation": 270, "texture": "#0"},
				"up": {"uv": [0, 11.33333, 4, 12], "texture": "#0"},
				"down": {"uv": [0, 11.33333, 4, 12], "rotation": 180, "texture": "#0"}
			}
		}
	],
	"display": {
		"thirdperson_righthand": {
			"rotation": [75, 45, 0],
			"translation": [0, 2.5, 0],
			"scale": [0.375, 0.375, 0.375]
		},
		"thirdperson_lefthand": {
			"rotation": [75, 45, 0],
			"translation": [0, 2.5, 0],
			"scale": [0.375, 0.375, 0.375]
		},
		"firstperson_righthand": {
			"rotation": [0, 45, 0],
			"scale": [0.4, 0.4, 0.4]
		},
		"firstperson_lefthand": {
			"rotation": [0, 225, 0],
			"scale": [0.4, 0.4, 0.4]
		},
		"ground": {
			"translation": [0, 3, 0],
			"scale": [0.25, 0.25, 0.25]
		},
		"gui": {
			"rotation": [30, 225, 0],
			"scale": [0.625, 0.625, 0.625]
		},
		"fixed": {
			"scale": [0.5, 0.5, 0.5]
		}
	},
	"groups": [
		{
			"name": "acceptor",
			"origin": [8, 8, 8.25],
			"color": 0,
			"children": [0, 1, 2, 3, 4, 5]
		}
	]
}